va,size
0x0000737C,115
0x000073F0,25
0x00007414,2008
0x00007BF4,120
0x00007C6C,433
0x00007E2C,217
0x00007F08,690
0x000081BC,123
0x00008238,83
0x0000828C,27
0x000082A8,43
0x000082D4,24
0x000082EC,48
0x0000831C,44
0x00008348,118
0x000083C0,486
0x000085A8,328
0x000086F0,286
0x00008814,266
0x00008920,189
0x000089E0,202
0x00008AAC,162
0x00008B50,162
0x00008BF4,30
0x00008C14,116
0x00008C8C,120
0x00008D08,121
0x00008D84,121
0x00008E00,99
0x00008E64,20
0x00008E78,20
0x00008E8C,84
0x00008F04,270
0x00009014,27
0x0000903C,93
0x0000909C,572
0x000092D8,172
0x00009388,90
0x000093E8,69
0x00009430,74
0x0000947C,65
0x000094C0,42
0x00009594,209
0x00009668,164
0x00009718,312
0x00009868,829
0x00009BCC,1050
0x0000A020,748
0x0000A334,388
0x0000A4E4,168
0x0000A5A4,1239
0x0000AA7C,55
0x0000AAB4,47
0x0000AAF4,122
0x0000AB70,55
0x0000ABB8,109
0x0000AC28,45
0x0000AC58,98
0x0000ACBC,96
0x0000AD1C,134
0x0000ADA4,144
0x0000AE34,193
0x0000AEF8,215
0x0000AFD4,315
0x0000B114,162
0x0000B1B8,172
0x0000B264,100
0x0000B2C8,117
0x0000B340,152
0x0000B3D8,950
0x0000B794,68
0x0000B7D8,193
0x0000B89C,141
0x0000B92C,845
0x0000BC8C,3009
0x0000C870,388
0x0000C9F8,812
0x0000CD2C,302
0x0000CE5C,208
0x0000CF2C,103
0x0000CF94,915
0x0000D33C,318
0x0000D47C,59
0x0000D4B8,592
0x0000D710,299
0x0000D83C,147
0x0000D8D4,491
0x0000DAC0,107
0x0000DB2C,117
0x0000DBA4,484
0x0000DD9C,774
0x0000E0A4,309
0x0000E1DC,306
0x0000E310,92
0x0000E36C,770
0x0000E674,353
0x0000E7D8,98
0x0000E83C,269
0x0000E94C,289
0x0000EA70,299
0x0000EB9C,140
0x0000EC28,375
0x0000EDA0,369
0x0000EF14,335
0x0000F064,89
0x0000F0C0,125
0x0000F140,740
0x0000F42C,361
0x0000F598,111
0x0000F60C,205
0x0000F6DC,131
0x0000F760,500
0x0000F958,510
0x0000FB60,266
0x0000FC74,80
0x0000FCC4,27
0x0000FCE0,27
0x0000FD0C,144
0x0000FD9C,60
0x0000FDD8,387
0x0000FF60,135
0x0000FFE8,20
0x0000FFFC,35
0x00010020,238
0x00010110,303
0x00010240,145
0x000102D4,293
0x000103FC,89
0x00010458,5
0x00010460,272
0x00010570,25
0x0001058C,25
0x000105A8,50
0x000105DC,29
0x000105FC,27
0x00010618,23
0x00010630,45
0x00010660,61
0x000106A0,50
0x000106D4,145
0x00010768,153
0x00010804,76
0x00010850,23
0x00010868,23
0x00010890,134
0x00010918,26
0x00010934,38
0x0001095C,33
0x00010980,33
0x000109A4,57
0x000109E0,39
0x00010A08,135
0x00010A90,494
0x00010C80,373
0x00010E00,5
0x00010E08,104
0x00010E7C,99
0x00010EE0,44
0x00010F28,105
0x00010FAC,257
0x000110C4,350
0x00011224,169
0x000112D0,41
0x0001130C,532
0x00011540,154
0x00011638,3024
0x00012244,1378
0x000127A8,157
0x000128A8,2339
0x00013218,765
0x0001352C,608
0x000137E0,1229
0x00013D14,1265
0x0001425C,1076
0x000146E8,1981
0x00014EB4,2155
0x00015730,270
0x00015888,1577
0x00015EEC,1063
0x00016344,1906
0x00016AC0,199
0x00016BA8,2400
0x00017518,69
0x00017580,663
0x0001781C,575
0x00017A64,963
0x00017E38,147
0x00017ECC,136
0x00017F54,35
0x00017F84,125
0x00018004,206
0x000180E0,150
0x00018178,176
0x00018234,178
0x000182E8,250
0x000183F0,144
0x0001848C,175
0x0001853C,132
0x000185C0,275
0x000186E0,172
0x0001878C,144
0x0001881C,355
0x00018980,172
0x00018A2C,194
0x00018AF0,237
0x00018C10,594
0x00018ED8,2198
0x000197E4,3939
0x0001A774,1265
0x0001AC68,712
0x0001AF34,18
0x0001AF48,30
0x0001AF68,30
0x0001AF88,17
0x0001AF9C,17
0x0001AFB0,34
0x0001AFD4,31
0x0001B010,55
0x0001B048,34
0x0001B06C,75
0x0001B0B8,44
0x0001B0E4,89
0x0001B160,941
0x0001B510,210
0x0001B5E4,23
0x0001B610,107
0x0001B694,521
0x0001B8C4,428
0x0001BA78,363
0x0001BBF8,296
0x0001BD44,77
0x0001BDAC,77
0x0001BE10,273
0x0001BF24,216
0x0001C000,112
0x0001C09C,2663
0x0001CB0C,267
0x0001CCBC,140
0x0001CD48,18
0x0001CD5C,41
0x0001CD88,40
0x0001CDB0,121
0x0001CE2C,93
0x0001CE8C,126
0x0001CF0C,77
0x0001CF5C,37
0x0001CF84,37
0x0001CFAC,68
0x0001CFF0,63
0x0001D064,148
0x0001D0FC,70
0x0001D158,137
0x0001D1EC,387
0x0001D374,44
0x0001D3A4,15
0x0001D3D0,70
0x0001D418,398
0x0001D5A8,169
0x0001D654,107
0x0001D6FC,80
0x0001D74C,50
0x0001D804,85
0x0001D85C,81
0x0001D8B0,58
0x0001D8EC,29
0x0001D90C,25
0x0001D928,189
0x0001D9E8,451
0x0001DBB0,175
0x0001DC60,20
0x0001DC74,150
0x0001DD0C,54
0x0001DD44,197
0x0001DE10,214
0x0001DEEC,5
0x0001DEF4,212
0x0001DFD0,5
0x0001DFFC,97
0x0001E060,26
0x0001E07C,103
0x0001E0E8,684
0x0001E398,607
0x0001E62C,123
0x0001E6AC,15
0x0001E6BC,56
0x0001E6F4,13
0x0001E704,482
0x0001E8F4,210
0x0001E9C8,206
0x0001EA98,457
0x0001EC64,41
0x0001EC90,74
0x0001ECDC,92
0x0001ED3C,20
0x0001ED50,45
0x0001ED80,53
0x0001EDB8,117
0x0001EE48,833
0x0001F194,213
0x0001F270,22
0x0001F288,62
0x0001F2D8,74
0x0001F324,39
0x0001F36C,83
0x0001F3C0,35
0x0001F3E4,124
0x0001F460,102
0x0001F500,346
0x0001F678,253
0x0001F778,42
0x0001F7A4,55
0x0001F7DC,46
0x0001F840,231
0x0001F93C,215
0x0001FA30,97
0x0001FAA8,254
0x0001FBA8,13
0x0001FBB8,13
0x0001FBC8,181
0x0001FC80,175
0x0001FD30,108
0x0001FDB4,178
0x0001FE70,80
0x0001FEC0,732
0x000201AC,3747
0x0002108C,2934
0x00021C2C,161
0x00021CD0,5
0x00021CD8,179
0x00021D8C,54
0x00021DC4,321
0x00021F08,78
0x00021F58,39
0x00021F80,28
0x00022010,198
0x000220D8,5
0x000220E0,43
0x0002210C,5
0x00022124,208
0x000221F8,54
0x0002224C,89
0x000222A8,219
0x00022384,46
0x000223B4,39
0x000223DC,65
0x00022420,47
0x00022450,36
0x00022474,48
0x000224A8,87
0x00022500,66
0x00022544,128
0x000225C4,89
0x00022620,232
0x00022710,35
0x00022734,15
0x00022744,917
0x00022ADC,834
0x00022E20,15
0x00022E30,5
0x00022E38,15
0x00022E48,28
0x00022E64,747
0x00023154,174
0x00023204,171
0x000232B4,115
0x00023328,189
0x000233F8,621
0x0002366C,221
0x0002378C,2814
0x000242D4,4383
0x00025408,1411
0x00025AF0,2206
0x00026394,171
0x00026440,879
0x000267B0,155
0x0002684C,110
0x000268BC,156
0x00026958,390
0x00026AE4,232
0x00026BCC,329
0x00026D18,332
0x00026E78,815
0x000271AC,376
0x00027330,389
0x000274B8,86
0x00027510,720
0x000277E0,723
0x00027AC0,147
0x00027B58,359
0x00027CC0,347
0x00027E1C,169
0x00027EC8,667
0x00028164,253
0x00028264,327
0x000283AC,116
0x00028420,1295
0x0002893C,327
0x00028A84,152
0x00028B1C,110
0x00028B8C,152
0x00028C24,398
0x00028DB4,135
0x00028E3C,342
0x00028F94,55
0x00028FCC,101
0x00029034,383
0x000291B4,93
0x00029214,741
0x00029500,322
0x00029644,97
0x000296A8,312
0x000297E0,143
0x00029870,688
0x00029B24,89
0x00029B80,387
0x00029D04,194
0x00029DE8,1255
0x0002A2D8,89
0x0002A334,367
0x0002A4A4,860
0x0002A800,92
0x0002A85C,71
0x0002A8A4,349
0x0002AA04,238
0x0002AAF4,1227
0x0002AFC8,234
0x0002B0B4,1101
0x0002B504,292
0x0002B630,1753
0x0002BD0C,186
0x0002BDC8,324
0x0002BF0C,91
0x0002BF78,568
0x0002C1B4,138
0x0002C248,647
0x0002C4D8,516
0x0002C6DC,105
0x0002C748,74
0x0002C794,155
0x0002C838,1260
0x0002CD30,127
0x0002CDB0,290
0x0002CED4,152
0x0002CF6C,391
0x0002D0F4,99
0x0002D158,285
0x0002D278,180
0x0002D32C,509
0x0002D530,129
0x0002D5B4,315
0x0002D6F0,217
0x0002D7EC,1574
0x0002DE1C,239
0x0002DF0C,367
0x0002E07C,105
0x0002E0E8,74
0x0002E134,187
0x0002E1F0,1230
0x0002E6C0,141
0x0002E750,142
0x0002E7E0,480
0x0002E9C4,89
0x0002EA20,396
0x0002EBAC,206
0x0002ECA4,1833
0x0002F3DC,283
0x0002F504,389
0x0002F68C,153
0x0002F730,968
0x0002FB00,306
0x0002FC34,364
0x0002FDA0,155
0x0002FE3C,110
0x0002FEAC,71
0x0002FEF4,607
0x00030158,377
0x000302D4,92
0x00030330,250
0x00030430,372
0x000305A4,135
0x00030630,1010
0x00030A24,587
0x00030C74,479
0x00030E58,85
0x00030EB0,501
0x000310A8,87
0x00031100,503
0x000312FC,385
0x00031480,462
0x00031654,366
0x000317C4,431
0x00031974,173
0x00031A24,607
0x00031C84,309
0x00031DBC,293
0x00031EE4,55
0x00031F1C,47
0x00031F4C,130
0x00031FD0,92
0x0003202C,169
0x000320D8,808
0x0003240C,266
0x0003251C,364
0x00032688,174
0x00032738,397
0x000328C8,99
0x0003292C,526
0x00032B3C,190
0x00032BFC,973
0x00032FCC,529
0x000331E0,364
0x0003334C,182
0x0003340C,904
0x000337A0,233
0x00033894,389
0x00033A1C,157
0x00033ABC,621
0x00033D2C,211
0x00033E00,334
0x00033FE8,2842
0x00034B2C,7413
0x00036840,107
0x000368AC,103
0x0003691C,1527
0x00036F18,509
0x00037118,146
0x000371DC,308
0x00037370,1483
0x00037944,162
0x000379E8,56
0x00037A20,56
0x00037A58,809
0x00037D94,2367
0x000386D4,146
0x00038774,398
0x0003890C,314
0x00038AE8,3147
0x00039740,310
0x0003987C,149
0x00039914,106
0x00039988,35
0x000399AC,21
0x000399C4,34
0x000399E8,23
0x00039A00,77
0x00039A50,36
0x00039A74,91
0x00039AD0,711
0x00039DA0,564
0x00039FD8,62
0x0003A01C,147
0x0003A0B0,227
0x0003A194,901
0x0003A51C,751
0x0003A80C,117
0x0003A884,170
0x0003A92E,38
0x0003A954,22
0x0003A96A,52
0x0003A99E,52
0x0003A9D2,52
0x0003AA06,19
0x0003AA1A,19
0x0003AA2E,19
0x0003AA42,18
0x0003AA54,18
0x0003AA66,16
0x0003AA76,16
0x0003AA86,18
0x0003AA98,18
0x0003AAAA,18
0x0003AABC,22
0x0003AAD2,47
0x0003AB02,13
0x0003AB10,21
0x0003AB26,12
0x0003AB32,177
0x0003ABE4,24
0x0003ABFC,16
0x0003AC0C,24
0x0003AC24,16
0x0003AC34,24
0x0003AC4C,24
0x0003AC64,19
0x0003AC78,19
0x0003AC8C,19
0x0003ACA0,96
0x0003AD00,68
0x0003AD44,59
0x0003AD80,5
0x0003AD86,105
0x0003ADF0,11
0x0003ADFC,58
0x0003AE36,57
0x0003AE70,58
0x0003AEAA,12
0x0003AEB6,16
0x0003AEC6,16
0x0003AED6,16
0x0003AEE6,16
0x0003AEF6,21
0x0003AF0C,13
0x0003AF1A,146
0x0003AFAC,146
0x0003B03E,329
0x0003B188,20
0x0003B19C,20
0x0003B1B0,20
0x0003B1C4,247
0x0003B2BC,60
0x0003B2FA,124
0x0003B376,109
0x0003B3E6,147
0x0003B47A,102
0x0003B4E0,54
0x0003B516,39
0x0003B53E,42
0x0003B568,42
0x0003B592,124
0x0003B612,215
0x0003B6EC,771
0x0003B9F6,66
0x0003BA38,66
0x0003BA7A,65
0x0003BABC,65
0x0003BAFE,65
0x0003BB40,65
0x0003BB82,68
0x0003BBC6,68
0x0003BC0A,75
0x0003BC5A,89
0x0003BCB4,89
0x0003BD12,89
0x0003BD6C,175
0x0003BE1E,111
0x0003BEB6,596
0x0003C10C,87
0x0003C164,73
0x0003C1AE,87
0x0003C206,73
0x0003C250,85
0x0003C2A6,54
0x0003C2DC,216
0x0003C3BE,230
0x0003C4A4,133
0x0003C52A,240
0x0003C61C,39
0x0003C644,42
0x0003C66E,42
0x0003C698,43
0x0003C6C4,43
0x0003C6F0,139
0x0003C77E,97
0x0003C7E2,42
0x0003C80E,74
0x0003C858,71
0x0003C8A0,78
0x0003C8EE,399
0x0003CA7E,57
0x0003CAB8,37
0x0003CADE,17
0x0003CAF0,17
0x0003CB02,8
0x0003CB0A,134
0x0003CB90,208
0x0003CC60,244
0x0003CD54,220
0x0003CE30,143
0x0003CEC0,215
0x0003CF98,251
0x0003D094,220
0x0003D170,295
0x0003D298,293
0x0003D410,11
0x0003D41C,19
0x0003D430,12
0x0003D43C,25
0x0003D456,11
0x0003D462,19
0x0003D476,11
0x0003D482,22
0x0003D498,21
0x0003D4AE,34
0x0003D4D0,23
0x0003D4E8,11
0x0003D4F4,19
0x0003D508,5
0x0003D50E,23
0x0003D526,14
0x0003D534,14
0x0003D542,20
0x0003D556,14
0x0003D564,14
0x0003D572,14
0x0003D580,12
0x0003D58C,24
0x0003D5A4,14
0x0003D5B2,12
0x0003D5BE,14
0x0003D5CC,10
0x0003D5D6,32
0x0003D5F6,12
0x0003D602,16
0x0003D612,8
0x0003D61A,14
0x0003D628,10
0x0003D632,11
0x0003D63E,11
0x0003D64A,22
0x0003D662,11
0x0003D66E,22
0x0003D686,11
0x0003D692,11
0x0003D69E,22
0x0003D6B6,11
0x0003D6C2,11
0x0003D6CE,16
0x0003D6DE,19
0x0003D6F2,10
0x0003D6FC,17
0x0003D70E,13
0x0003D71C,24
0x0003D734,25
0x0003D74E,14
0x0003D75C,23
0x0003D774,47
0x0003D7A4,11
0x0003D7B0,15
0x0003D7C0,22
0x0003D7D8,22
0x0003D7F0,22
0x0003D808,11
0x0003D814,22
0x0003D82C,11
0x0003D838,11
0x0003D844,20
0x0003D858,20
0x0003D86C,15
0x0003D87C,22
0x0003D892,19
0x0003D8A6,16
0x0003D8B6,16
0x0003D8C6,22
0x0003D8DE,28
0x0003D8FA,46
0x0003D928,20
0x0003D93C,16
0x0003D94C,16
0x0003D95C,29
0x0003D97A,21
0x0003D990,19
0x0003D9A4,43
0x0003D9D0,30
0x0003D9EE,44
0x0003DA1A,73
0x0003DA64,20
0x0003DA78,16
0x0003DA88,22
0x0003DA9E,48
0x0003DAD0,61
0x0003DB10,22
0x0003DB28,71
0x0003DB70,78
0x0003DBC0,55
0x0003DBF8,13
0x0003DC06,13
0x0003DC14,13
0x0003DC22,13
0x0003DC30,26
0x0003DC4A,10
0x0003DC54,13
0x0003DC62,10
0x0003DC6C,19
0x0003DC80,19
0x0003DC94,69
0x0003DCDA,7
0x0003DCE2,16
0x0003DCF2,148
0x0003DD88,31
0x0003DDA8,19
0x0003DDBC,22
0x0003DDD2,13
0x0003DDE0,13
0x0003DDEE,31
0x0003DE0E,45
0x0003DE3C,10
0x0003DE46,22
0x0003DE5C,18
0x0003DE6E,13
0x0003DE7C,44
0x0003DEAA,20
0x0003DEBE,10
0x0003DEC8,10
0x0003DED2,20
0x0003DEE6,7
0x0003DEEE,7
0x0003DEF6,10
0x0003DF00,7
0x0003DF08,23
0x0003DF20,38
0x0003DF46,16
0x0003DF56,13
0x0003DF64,19
0x0003DF78,13
0x0003DF86,20
0x0003DF9A,20
0x0003DFAE,29
0x0003DFCC,10
0x0003DFD6,5
0x0003DFDC,45
0x0003E00A,35
0x0003E02E,45
0x0003E05C,35
0x0003E080,29
0x0003E09E,29
0x0003E0BC,35
0x0003E0E0,17
0x0003E0F2,17
0x0003E104,28
0x0003E120,28
0x0003E13C,8
0x0003E274,56
0x0003E2AE,32
0x0003E2CE,39
0x0003E2F6,44
0x0003E322,44
0x0003E34E,97
0x0003E3B0,83
0x0003E404,20
0x0003E418,332
0x0003E568,294
0x0003E690,300
0x0003E7BE,61
0x0003E7FC,78
0x0003E84A,10
0x0003E854,42
0x0003E87E,176
0x0003E930,23
0x0003E948,139
0x0003E9D4,7
0x0003E9DC,176
0x0003EA8E,25
0x0003EAA8,81
0x0003EAFA,116
0x0003EB6E,7
0x0003EB76,135
0x0003EBFE,10
0x0003EC08,43
0x0003EC34,39
0x0003EC5C,20
0x0003EC70,45
0x0003EC9E,74
0x0003ECEA,66
0x0003ED2C,46
0x0003ED5A,47
0x0003ED8A,87
0x0003EDE2,134
0x0003EE68,39
0x0003EE90,19
0x0003EEA4,49
0x0003EED6,136
0x0003EF60,102
0x0003EFC6,43
0x0003EFF2,280
0x0003F10A,10
0x0003F114,10
0x0003F11E,10
0x0003F128,7
0x0003F130,236
0x0003F21E,191
0x0003F2E0,252
0x0003F3DC,414
0x0003F580,42
0x0003F5AC,71
0x0003F5F4,92
0x0003F652,91
0x0003F6D0,128
0x0003F754,1196
0x0003FC98,13
0x0003FCA6,38
0x0003FCCC,51
0x0003FD00,66
0x0003FD42,79
0x0003FD92,282
0x0003FEAE,19
0x0003FEC2,16
0x0003FED2,19
0x0003FEE6,13
0x0003FEF4,16
0x0003FF04,13
0x0003FF12,13
0x0003FF20,22
0x0003FF36,34
0x0003FF58,19
0x0003FF6C,19
0x0003FF80,19
0x0003FF94,16
0x0003FFA4,13
0x0003FFB2,19
0x0003FFC6,19
0x0003FFE0,11
0x0003FFEC,18
0x0003FFFE,331
0x0004014A,11
0x00040156,19
0x0004016A,20
0x0004017E,324
0x000402C2,11
0x000402CE,19
0x000402E2,20
0x000402F6,56
0x0004032E,51
0x00040362,61
0x000403A2,44
0x000403CE,55
0x00040406,27
0x00040422,61
0x00040460,57
0x0004049C,51
0x000404D0,50
0x00040502,225
0x000405E4,262
0x000406EA,229
0x000407D0,262
0x000408D6,45
0x00040904,35
0x000409D8,171
0x00040A84,56
0x00040ABC,22
0x00040AD4,353
0x00040C38,400
0x00040DCA,668
0x00041068,456
0x00041234,865
0x0004159A,341
0x000416F2,761
0x00041B28,5595
0x000431DA,577
0x0004346C,6204
0x00044CDC,38
0x00044D02,146
0x00044D94,63
0x00044DD4,208
0x00044EA8,41
0x00044ED2,64
0x00044F14,192
0x00044FD6,162
0x0004507A,725
0x00045356,268
0x00045466,524
0x00045674,51
0x000456A8,22
0x000456BE,19
0x000456D2,16
0x000456E2,94
0x00045740,455
0x0004590C,169
0x000459B8,2956
0x0004697E,190
0x00046A40,19
0x00046A54,19
0x00046A68,19
0x00046A7C,13
0x00046A8A,16
0x00046A9C,34
0x00046BC0,530
0x00046EDC,398
0x00047074,13
0x00047084,18
0x00047098,13
0x000471A8,342
0x00047404,258
0x0004750C,56
0x00047548,28
0x00047588,24
