va,name,kind,confidence,notes
0x000010a8,start,func,C,"runtime: crt0.o:crt0.o exact masked-byte match"
0x00001280,__exit,func,C,"runtime: crt0.o:crt0.o exact masked-byte match"
0x00001368,__sbrk,func,C,"runtime: crt0.o:crt0.o exact masked-byte match"
0x00001380,__brk,func,C,"runtime: crt0.o:crt0.o exact masked-byte match"
0x0000154c,_crt0_init_mcount,func,C,"runtime: crt0.o:crt0.o exact masked-byte match"
0x00001620,_npxsetup,func,C,"runtime: libemu.a:npxsetup.o exact masked-byte match"
0x000072b4,_emu_entry,func,C,"runtime: libemu.a:emu387.o exact masked-byte match"
0x00033fe8,main,func,C,"runtime: reloc-ref: exact masked-byte match"
0x00046bc0,__moddi3,func,C,"runtime: reloc-ref: exact masked-byte match"
0x00046edc,__divdi3,func,C,"runtime: reloc-ref: exact masked-byte match"
0x000471a8,__umoddi3,func,C,"runtime: reloc-ref: exact masked-byte match"
0x00047404,__udivdi3,func,C,"runtime: reloc-ref: exact masked-byte match"
0x0004782c,__crt1_startup,func,C,"runtime: libc.a:crt1.o exact masked-byte match"
0x000478bc,__djgpp_exception_table,func,C,"runtime: libc.a:exceptn.o exact masked-byte match"
0x00047a2c,__djgpp_save_interrupt_regs,func,C,"runtime: libc.a:exceptn.o exact masked-byte match"
0x00047aa8,__djgpp_hw_lock_start,func,C,"runtime: libc.a:exceptn.o exact masked-byte match"
0x00047ab0,__djgpp_cbrk_count,func,C,"runtime: libc.a:exceptn.o exact masked-byte match"
0x00047ab4,__djgpp_timer_countdown,func,C,"runtime: libc.a:exceptn.o exact masked-byte match"
0x00047ab8,__djgpp_our_DS,func,C,"runtime: libc.a:exceptn.o exact masked-byte match"
0x00047aba,__djgpp_app_DS,func,C,"runtime: libc.a:exceptn.o exact masked-byte match"
0x00047abc,__djgpp_dos_sel,func,C,"runtime: libc.a:exceptn.o exact masked-byte match"
0x00047abe,__djgpp_hwint_flags,func,C,"runtime: libc.a:exceptn.o exact masked-byte match"
0x00047ac0,__djgpp_old_kbd,func,C,"runtime: libc.a:exceptn.o exact masked-byte match"
0x00047ac8,__djgpp_old_timer,func,C,"runtime: libc.a:exceptn.o exact masked-byte match"
0x00047ad0,__djgpp_exception_state_ptr,func,C,"runtime: libc.a:exceptn.o exact masked-byte match"
0x00047b14,__djgpp_ds_alias,func,C,"runtime: libc.a:exceptn.o exact masked-byte match"
0x00047b18,__djgpp_npx_hdlr,func,C,"runtime: libc.a:exceptn.o exact masked-byte match"
0x00047b30,__djgpp_kbd_hdlr,func,C,"runtime: libc.a:exceptn.o exact masked-byte match"
0x00047b6c,__djgpp_kbd_hdlr_pc98,func,C,"runtime: libc.a:exceptn.o exact masked-byte match"
0x00047b94,__djgpp_timer_hdlr,func,C,"runtime: libc.a:exceptn.o exact masked-byte match"
0x00047bd4,__djgpp_cbrk_hdlr,func,C,"runtime: libc.a:exceptn.o exact masked-byte match"
0x00047c00,__djgpp_i24,func,C,"runtime: libc.a:exceptn.o exact masked-byte match"
0x00047c02,__djgpp_iret,func,C,"runtime: libc.a:exceptn.o exact masked-byte match"
0x00047c04,__djgpp_hw_exception,func,C,"runtime: libc.a:exceptn.o exact masked-byte match"
0x00047c40,__djgpp_hw_lock_end,func,C,"runtime: libc.a:exceptn.o exact masked-byte match"
0x00048384,signal,func,C,"runtime: libc.a:dpmiexcp.o exact masked-byte match"
0x00048448,raise,func,C,"runtime: libc.a:dpmiexcp.o exact masked-byte match"
0x00048554,__djgpp_exception_processor,func,C,"runtime: libc.a:dpmiexcp.o exact masked-byte match"
0x000485b8,__djgpp_exception_toggle,func,C,"runtime: libc.a:dpmiexcp.o exact masked-byte match"
0x000486c4,__djgpp_exception_setup,func,C,"runtime: libc.a:dpmiexcp.o exact masked-byte match"
0x000487f0,__djgpp_set_ctrl_c,func,C,"runtime: libc.a:dpmiexcp.o exact masked-byte match"
0x00048820,_exit,func,C,"runtime: libc.a:dpmiexcp.o exact masked-byte match"
0x0004884c,longjmp,func,C,"runtime: libc.a:longjmp.o exact masked-byte match"
0x000488c0,getenv,func,C,"runtime: libc.a:getenv.o exact masked-byte match"
0x0004891c,__dpmi_set_coprocessor_emulation,func,C,"runtime: libc.a:d0e01.o exact masked-byte match"
0x00048944,_detect_80387,func,C,"runtime: libc.a:fpu.o exact masked-byte match"
0x00048990,_write,func,C,"runtime: libc.a:_write.o exact masked-byte match"
0x00048a7c,_control87,func,C,"runtime: libc.a:cntrl87.o exact masked-byte match"
0x00048aa4,vsprintf,func,C,"runtime: libc.a:vsprintf.o exact masked-byte match"
0x00048adc,setjmp,func,C,"runtime: libc.a:setjmp.o exact masked-byte match"
0x00048b44,memset,func,C,"runtime: libc.a:memset.o exact masked-byte match"
0x00048b84,__dpmi_simulate_real_mode_interrupt,func,C,"runtime: libc.a:d0300.o exact masked-byte match"
0x00048bbc,_go32_dpmi_allocate_dos_memory,func,C,"runtime: libc.a:gormem.o exact masked-byte match"
0x00048bfe,_go32_dpmi_free_dos_memory,func,C,"runtime: libc.a:gormem.o exact masked-byte match"
0x00048c22,_go32_dpmi_resize_dos_memory,func,C,"runtime: libc.a:gormem.o exact masked-byte match"
0x00048c68,fwrite,func,C,"runtime: libc.a:fwrite.o exact masked-byte match"
0x00048e7c,fread,func,C,"runtime: libc.a:fread.o exact masked-byte match"
0x00048fa8,fopen,func,C,"runtime: libc.a:fopen.o exact masked-byte match"
0x000490e0,exit,func,C,"runtime: libc.a:exit.o exact masked-byte match"
0x00049148,fclose,func,C,"runtime: libc.a:fclose.o exact masked-byte match"
0x000491fc,floor,func,C,"runtime: libc.a:floor.o exact masked-byte match"
0x00049230,puttext,func,C,"runtime: libc.a:conio.o exact masked-byte match"
0x000492a4,gettext,func,C,"runtime: libc.a:conio.o exact masked-byte match"
0x00049318,gotoxy,func,C,"runtime: libc.a:conio.o exact masked-byte match"
0x00049358,wherex,func,C,"runtime: libc.a:conio.o exact masked-byte match"
0x00049380,wherey,func,C,"runtime: libc.a:conio.o exact masked-byte match"
0x000493a8,textmode,func,C,"runtime: libc.a:conio.o exact masked-byte match"
0x0004944c,textattr,func,C,"runtime: libc.a:conio.o exact masked-byte match"
0x00049460,textcolor,func,C,"runtime: libc.a:conio.o exact masked-byte match"
0x00049484,textbackground,func,C,"runtime: libc.a:conio.o exact masked-byte match"
0x000494a8,highvideo,func,C,"runtime: libc.a:conio.o exact masked-byte match"
0x000494c4,lowvideo,func,C,"runtime: libc.a:conio.o exact masked-byte match"
0x000494e0,normvideo,func,C,"runtime: libc.a:conio.o exact masked-byte match"
0x000494f8,_setcursortype,func,C,"runtime: libc.a:conio.o exact masked-byte match"
0x0004955c,clreol,func,C,"runtime: libc.a:conio.o exact masked-byte match"
0x00049644,clrscr,func,C,"runtime: libc.a:conio.o exact masked-byte match"
0x00049700,putch,func,C,"runtime: libc.a:conio.o exact masked-byte match"
0x00049814,getche,func,C,"runtime: libc.a:conio.o exact masked-byte match"
0x00049838,getch,func,C,"runtime: libc.a:conio.o exact masked-byte match"
0x00049870,ungetch,func,C,"runtime: libc.a:conio.o exact masked-byte match"
0x00049898,_conio_kbhit,func,C,"runtime: libc.a:conio.o exact masked-byte match"
0x000498d0,insline,func,C,"runtime: libc.a:conio.o exact masked-byte match"
0x0004997c,delline,func,C,"runtime: libc.a:conio.o exact masked-byte match"
0x00049a38,window,func,C,"runtime: libc.a:conio.o exact masked-byte match"
0x00049a98,cputs,func,C,"runtime: libc.a:conio.o exact masked-byte match"
0x00049c64,cprintf,func,C,"runtime: libc.a:conio.o exact masked-byte match"
0x00049c9c,cgets,func,C,"runtime: libc.a:conio.o exact masked-byte match"
0x00049d2c,cscanf,func,C,"runtime: libc.a:conio.o exact masked-byte match"
0x00049d4c,movetext,func,C,"runtime: libc.a:conio.o exact masked-byte match"
0x00049e14,gettextinfo,func,C,"runtime: libc.a:conio.o exact masked-byte match"
0x0004a12c,_set_screen_lines,func,C,"runtime: libc.a:conio.o exact masked-byte match"
0x0004a294,blinkvideo,func,C,"runtime: libc.a:conio.o exact masked-byte match"
0x0004a2b4,intensevideo,func,C,"runtime: libc.a:conio.o exact masked-byte match"
0x0004a2d4,gppconio_init,func,C,"runtime: libc.a:conio.o exact masked-byte match"
0x0004a358,remove,func,C,"runtime: libc.a:remove.o exact masked-byte match"
0x0004a414,fgets,func,C,"runtime: libc.a:fgets.o exact masked-byte match"
0x0004a4f0,strcpy,func,C,"runtime: libc.a:strcpy.o exact masked-byte match"
0x0004a518,strcat,func,C,"runtime: libc.a:strcat.o exact masked-byte match"
0x0004a550,printf,func,C,"runtime: libc.a:printf.o exact masked-byte match"
0x0004a578,fileno,func,C,"runtime: libc.a:fileno.o exact masked-byte match"
0x0004a594,fseek,func,C,"runtime: libc.a:fseek.o exact masked-byte match"
0x0004a68c,atan,func,C,"runtime: libc.a:atan.o exact masked-byte match"
0x0004a698,__dpmi_int,func,C,"runtime: libc.a:d0300_z.o exact masked-byte match"
0x0004a718,_movedatal,func,C,"runtime: libc.a:mdl.o exact masked-byte match"
0x0004a744,_go32_dpmi_get_protected_mode_interrupt_vector,func,C,"runtime: libc.a:gopvec.o exact masked-byte match"
0x0004a758,_go32_dpmi_set_protected_mode_interrupt_vector,func,C,"runtime: libc.a:gopvec.o exact masked-byte match"
0x0004a76c,_go32_dpmi_lock_data,func,C,"runtime: libc.a:gopint.o exact masked-byte match"
0x0004a7c4,_go32_dpmi_lock_code,func,C,"runtime: libc.a:gopint.o exact masked-byte match"
0x0004aa10,_go32_dpmi_chain_protected_mode_interrupt_vector,func,C,"runtime: libc.a:gopint.o exact masked-byte match"
0x0004abcc,_go32_dpmi_allocate_iret_wrapper,func,C,"runtime: libc.a:gopint.o exact masked-byte match"
0x0004abe0,_go32_dpmi_free_iret_wrapper,func,C,"runtime: libc.a:gopint.o exact masked-byte match"
0x0004ac0c,itoa,func,C,"runtime: libc.a:itoa.o exact masked-byte match"
0x0004acc4,strcmp,func,C,"runtime: libc.a:strcmp.o exact masked-byte match"
0x0004acec,delay,func,C,"runtime: libc.a:delay.o exact masked-byte match"
0x0004ad44,strstr,func,C,"runtime: libc.a:strstr.o exact masked-byte match"
0x0004ada0,time,func,C,"runtime: libc.a:time.o exact masked-byte match"
0x0004add4,srandom,func,C,"runtime: libc.a:random.o exact masked-byte match"
0x0004ae64,initstate,func,C,"runtime: libc.a:random.o exact masked-byte match"
0x0004b028,setstate,func,C,"runtime: libc.a:random.o exact masked-byte match"
0x0004b0fc,random,func,C,"runtime: libc.a:random.o exact masked-byte match"
0x0004b188,rand,func,C,"runtime: libc.a:rand.o exact masked-byte match"
0x0004b1fc,srand,func,C,"runtime: libc.a:rand.o exact masked-byte match"
0x0004b214,fgetc,func,C,"runtime: reloc-ref: exact masked-byte match"
0x0004b30c,ftell,func,C,"runtime: libc.a:ftell.o exact masked-byte match"
0x0004b394,strlwr,func,C,"runtime: libc.a:strlwr.o exact masked-byte match"
0x0004b3bc,sscanf,func,C,"runtime: libc.a:sscanf.o exact masked-byte match"
0x0004b400,int86,func,C,"runtime: libc.a:int86.o exact masked-byte match"
0x0004b7a4,malloc,func,C,"runtime: libc.a:malloc.o exact masked-byte match"
0x0004b8e8,free,func,C,"runtime: libc.a:malloc.o exact masked-byte match"
0x0004b918,realloc,func,C,"runtime: libc.a:malloc.o exact masked-byte match"
0x0004b9f0,__main,func,C,"runtime: libc.a:_main.o exact masked-byte match"
0x0004ba34,ftime,func,C,"runtime: libc.a:ftime.o exact masked-byte match"
0x0004ba8c,cos,func,C,"runtime: libc.a:cos.o exact masked-byte match"
0x0004baa8,sin,func,C,"runtime: libc.a:sin.o exact masked-byte match"
0x0004babc,difftime,func,C,"runtime: libc.a:difftime.o exact masked-byte match"
0x0004bad4,_go32_dpmi_remaining_physical_memory,func,C,"runtime: libc.a:goqmem.o exact masked-byte match"
0x0004baf6,_go32_dpmi_remaining_virtual_memory,func,C,"runtime: libc.a:goqmem.o exact masked-byte match"
0x0004bb18,fflush,func,C,"runtime: libc.a:fflush.o exact masked-byte match"
0x0004bba0,memcpy,func,C,"runtime: libc.a:memcpy.o exact masked-byte match"
0x0004bbbc,memmove,func,C,"runtime: libc.a:memmove.o exact masked-byte match"
0x0004bc64,memchr,func,C,"runtime: libc.a:memchr.o exact masked-byte match"
0x0004bc9c,strtol,func,C,"runtime: libc.a:strtol.o exact masked-byte match"
0x0004be1c,strtoul,func,C,"runtime: libc.a:strtoul.o exact masked-byte match"
0x0004c92c,fstat,func,C,"runtime: libc.a:fstat.o exact masked-byte match"
0x0004c96c,__dpmi_allocate_ldt_descriptors,func,C,"runtime: libc.a:d0000.o exact masked-byte match"
0x0004c990,__dpmi_set_segment_limit,func,C,"runtime: libc.a:d0008.o exact masked-byte match"
0x0004c9bc,__dpmi_get_version,func,C,"runtime: libc.a:d0400.o exact masked-byte match"
0x0004c9f4,__dpmi_get_segment_base_address,func,C,"runtime: libc.a:d0006.o exact masked-byte match"
0x0004ca20,__movedata,func,C,"runtime: libc.a:md.o exact masked-byte match"
0x0004ca4c,abort,func,C,"runtime: libc.a:abort.o exact masked-byte match"
0x0004ca64,__putenv,func,C,"runtime: libc.a:putenv.o exact masked-byte match"
0x0004ccc8,_get_volume_info,func,C,"runtime: libc.a:_use_lfn.o exact masked-byte match"
0x0004ce78,_use_lfn,func,C,"runtime: libc.a:_use_lfn.o exact masked-byte match"
0x0004d4c4,__crt0_setup_arguments,func,C,"runtime: libc.a:c1args.o exact masked-byte match"
0x0004d9ac,__crt0_load_environment_file,func,C,"runtime: libc.a:c1loadef.o exact masked-byte match"
0x0004df1c,__write,func,C,"runtime: libc.a:write.o exact masked-byte match"
0x0004e06c,__dpmi_get_segment_limit,func,C,"runtime: libc.a:dpmi_lsl.o exact masked-byte match"
0x0004e080,__dpmi_get_processor_exception_handler_vector,func,C,"runtime: libc.a:d0202.o exact masked-byte match"
0x0004e0ac,__dpmi_set_processor_exception_handler_vector,func,C,"runtime: libc.a:d0203.o exact masked-byte match"
0x0004e0d8,__dpmi_get_protected_mode_interrupt_vector,func,C,"runtime: libc.a:d0204.o exact masked-byte match"
0x0004e104,__dpmi_set_protected_mode_interrupt_vector,func,C,"runtime: libc.a:d0205.o exact masked-byte match"
0x0004e130,__dpmi_set_real_mode_interrupt_vector,func,C,"runtime: libc.a:d0201.o exact masked-byte match"
0x0004e160,__dpmi_free_real_mode_callback,func,C,"runtime: libc.a:d0304.o exact masked-byte match"
0x0004e188,__dpmi_get_real_mode_interrupt_vector,func,C,"runtime: libc.a:d0200.o exact masked-byte match"
0x0004e1b8,__dpmi_allocate_real_mode_callback,func,C,"runtime: libc.a:d0303.o exact masked-byte match"
0x0004e1fc,__dpmi_lock_linear_region,func,C,"runtime: libc.a:d0600.o exact masked-byte match"
0x0004e234,__dpmi_allocate_dos_memory,func,C,"runtime: libc.a:d0100.o exact masked-byte match"
0x0004e270,__dpmi_free_dos_memory,func,C,"runtime: libc.a:d0101.o exact masked-byte match"
0x0004e294,__dpmi_resize_dos_memory,func,C,"runtime: libc.a:d0102.o exact masked-byte match"
0x0004e2c4,__dpmi_get_free_memory_information,func,C,"runtime: libc.a:d0500.o exact masked-byte match"
0x0004e2e8,__dpmi_get_and_disable_virtual_interrupt_state,func,C,"runtime: libc.a:d0900.o exact masked-byte match"
0x0004e2f8,__dpmi_get_and_enable_virtual_interrupt_state,func,C,"runtime: libc.a:d0901.o exact masked-byte match"
0x0004e30c,__FSEXT_alloc_fd,func,C,"runtime: libc.a:fsext.o exact masked-byte match"
0x0004e39c,__FSEXT_set_function,func,C,"runtime: libc.a:fsext.o exact masked-byte match"
0x0004e434,__FSEXT_get_function,func,C,"runtime: libc.a:fsext.o exact masked-byte match"
0x0004e47c,__dosmemput,func,C,"runtime: libc.a:dmp.o exact masked-byte match"
0x0004e49c,__doserr_to_errno,func,C,"runtime: libc.a:doserr2e.o exact masked-byte match"
0x0004e4e4,_doprnt,func,C,"runtime: libc.a:doprnt.o exact masked-byte match"
0x0004fb94,__dosmemget,func,C,"runtime: libc.a:dmg.o exact masked-byte match"
0x0004fbb4,__file_handle_set,func,C,"runtime: libc.a:dosio.o exact masked-byte match"
0x0004fc70,_flsbuf,func,C,"runtime: libc.a:flsbuf.o exact masked-byte match"
0x0004fda4,_filbuf,func,C,"runtime: libc.a:filbuf.o exact masked-byte match"
0x0004ff24,__alloc_file,func,C,"runtime: libc.a:allocfil.o exact masked-byte match"
0x0004ffc8,__open,func,C,"runtime: libc.a:open.o exact masked-byte match"
0x000500a0,__lseek,func,C,"runtime: libc.a:lseek.o exact masked-byte match"
0x00050104,__stdio_cleanup_proc,func,C,"runtime: libc.a:stdiohk.o exact masked-byte match"
0x00050138,__setmode,func,C,"runtime: libc.a:setmode.o exact masked-byte match"
0x0005021c,__close,func,C,"runtime: reloc-ref: exact masked-byte match"
0x00050234,__findfirst,func,C,"runtime: libc.a:findfirs.o exact masked-byte match"
0x0005042c,ScreenSetCursor,func,C,"runtime: libc.a:scsetc.o exact masked-byte match"
0x00050454,ScreenGetCursor,func,C,"runtime: libc.a:scgetc.o exact masked-byte match"
0x00050488,ScreenPutChar,func,C,"runtime: libc.a:scputc.o exact masked-byte match"
0x000504f0,kbhit,func,C,"runtime: libc.a:kbhit.o exact masked-byte match"
0x00050540,_doscan,func,C,"runtime: libc.a:doscan.o exact masked-byte match"
0x00050560,_doscan_low,func,C,"runtime: libc.a:doscan.o exact masked-byte match"
0x00050e50,ScreenCols,func,C,"runtime: libc.a:sccols.o exact masked-byte match"
0x00050e6c,ScreenRows,func,C,"runtime: libc.a:scrows.o exact masked-byte match"
0x00050e88,ScreenMode,func,C,"runtime: libc.a:scmode.o exact masked-byte match"
0x00050ea4,_chmod,func,C,"runtime: libc.a:_chmod.o exact masked-byte match"
0x00050f30,__findnext,func,C,"runtime: libc.a:findnext.o exact masked-byte match"
0x000510e8,__filelength,func,C,"runtime: libc.a:filelen.o exact masked-byte match"
0x000511d4,__stricmp,func,C,"runtime: libc.a:stricmp.o exact masked-byte match"
0x00051224,strncmp,func,C,"runtime: libc.a:strncmp.o exact masked-byte match"
0x00051260,__gettimeofday,func,C,"runtime: libc.a:gettimeo.o exact masked-byte match"
0x00051338,inportb,func,C,"runtime: libc.a:ib.o exact masked-byte match"
0x00051348,outportb,func,C,"runtime: libc.a:ob.o exact masked-byte match"
0x00051358,int86x,func,C,"runtime: libc.a:int86x.o exact masked-byte match"
0x0005136f,_int86,func,C,"runtime: libc.a:int86x.o exact masked-byte match"
0x00051418,__pow10,func,C,"runtime: libc.a:pow10.o exact masked-byte match"
0x00051464,__pow2,func,C,"runtime: libc.a:pow2.o exact masked-byte match"
0x000514ac,__dj_movedata,func,C,"runtime: libc.a:djmd.o exact masked-byte match"
0x000514d4,__isatty,func,C,"runtime: libc.a:isatty.o exact masked-byte match"
0x0005150c,__read,func,C,"runtime: libc.a:read.o exact masked-byte match"
0x00051668,_get_dos_version,func,C,"runtime: libc.a:getdos_v.o exact masked-byte match"
0x00051774,_file_time_stamp,func,C,"runtime: libc.a:xstat.o exact masked-byte match"
0x000517e0,_getftime,func,C,"runtime: libc.a:xstat.o exact masked-byte match"
0x0005183c,_invent_inode,func,C,"runtime: libc.a:xstat.o exact masked-byte match"
0x000519c4,_lfn_get_ftime,func,C,"runtime: libc.a:lfnftime.o exact masked-byte match"
0x00051a3c,getuid,func,C,"runtime: reloc-ref: exact masked-byte match"
0x00051a48,getgid,func,C,"runtime: reloc-ref: exact masked-byte match"
0x00051a54,_get_magic,func,C,"runtime: libc.a:is_exec.o exact masked-byte match"
0x00051c20,_is_executable,func,C,"runtime: libc.a:is_exec.o exact masked-byte match"
0x00051d58,_get_dev_info,func,C,"runtime: libc.a:getdinfo.o exact masked-byte match"
0x00051da0,strchr,func,C,"runtime: libc.a:strchr.o exact masked-byte match"
0x00051dcc,_dos_getdrive,func,C,"runtime: libc.a:d_getdrv.o exact masked-byte match"
0x00051df4,_open,func,C,"runtime: libc.a:_open.o exact masked-byte match"
0x00051ed0,_read,func,C,"runtime: libc.a:_read.o exact masked-byte match"
0x00051fb0,_close,func,C,"runtime: libc.a:_close.o exact masked-byte match"
0x00052014,__crt0_glob_function,func,C,"runtime: libc.a:c1pglob.o exact masked-byte match"
0x00052038,calloc,func,C,"runtime: libc.a:calloc.o exact masked-byte match"
0x00052068,strncpy,func,C,"runtime: libc.a:strncpy.o exact masked-byte match"
0x000520a4,strncat,func,C,"runtime: libc.a:strncat.o exact masked-byte match"
0x000520e4,_put_path,func,C,"runtime: libc.a:putpath.o exact masked-byte match"
0x00052110,_put_path2,func,C,"runtime: libc.a:putpath.o exact masked-byte match"
0x000521d4,localeconv,func,C,"runtime: reloc-ref: exact masked-byte match"
0x000521e0,putc,func,C,"runtime: reloc-ref: exact masked-byte match"
0x00052260,__modfl,func,C,"runtime: libc.a:modfl.o exact masked-byte match"
0x0005228c,__file_exists,func,C,"runtime: libc.a:fexistp.o exact masked-byte match"
0x000522bc,_creat,func,C,"runtime: libc.a:_creat.o exact masked-byte match"
0x00052394,_fwalk,func,C,"runtime: libc.a:fwalk.o exact masked-byte match"
0x000523d4,ungetc,func,C,"runtime: libc.a:ungetc.o exact masked-byte match"
0x00052438,atof,func,C,"runtime: reloc-ref: exact masked-byte match"
0x00052448,_atold,func,C,"runtime: reloc-ref: exact masked-byte match"
0x000532ec,__tzset,func,C,"runtime: libc.a:ctime.o exact masked-byte match"
0x000534a0,localtime,func,C,"runtime: libc.a:ctime.o exact masked-byte match"
0x00053514,gmtime,func,C,"runtime: libc.a:ctime.o exact masked-byte match"
0x0005377c,asctime,func,C,"runtime: libc.a:ctime.o exact masked-byte match"
0x000537c4,ctime,func,C,"runtime: libc.a:ctime.o exact masked-byte match"
0x00053c68,mktime,func,C,"runtime: libc.a:ctime.o exact masked-byte match"
0x00053c7c,__crlf2nl,func,C,"runtime: libc.a:crlf2nl.o exact masked-byte match"
0x00053cac,__FSEXT_add_open_handler,func,C,"runtime: libc.a:fse_open.o exact masked-byte match"
0x00053ce0,__FSEXT_call_open_handlers,func,C,"runtime: libc.a:fse_open.o exact masked-byte match"
0x000545b4,__glob,func,C,"runtime: libc.a:glob.o exact masked-byte match"
0x00054794,strtod,func,C,"runtime: libc.a:strtod.o exact masked-byte match"
0x00054930,_strtold,func,C,"runtime: libc.a:strtold.o exact masked-byte match"
0x00054ac8,strrchr,func,C,"runtime: libc.a:strrchr.o exact masked-byte match"
0x00054af0,sprintf,func,C,"runtime: libc.a:sprintf.o exact masked-byte match"
0x00054b48,_lfn_gen_short_fname,func,C,"runtime: libc.a:lfnshort.o exact masked-byte match"
0x00054d7c,__fnmatch,func,C,"runtime: libc.a:fnmatch.o exact masked-byte match"
0x00054f70,_preserve_fncase,func,C,"runtime: libc.a:fncase.o exact masked-byte match"
0x0005515c,qsort,func,C,"runtime: libc.a:qsort.o exact masked-byte match"
0x0009ef38,__bss_count,data,C,"runtime: reloc-ref: exact masked-byte match"
0x0009ef44,__PROXY_LEN,data,C,"runtime: reloc-ref: exact masked-byte match"
0x0009f44c,__dj_stdin,data,C,"runtime: reloc-ref: exact masked-byte match"
0x0009f4b8,__environ_changed,data,C,"runtime: reloc-ref: exact masked-byte match"
0x0009f6bc,__file_handle_modes,data,C,"runtime: reloc-ref: exact masked-byte match"
0x0009f6c0,_fmode,data,C,"runtime: reloc-ref: exact masked-byte match"
0x0009f6c4,__stdio_cleanup_hook,data,C,"runtime: reloc-ref: exact masked-byte match"
0x0009f6c8,ScreenAttrib,data,C,"runtime: reloc-ref: exact masked-byte match"
0x0009f7d1,__dj_ctype_toupper,data,C,"runtime: reloc-ref: exact masked-byte match"
0x0009f8f4,__libc_read_termios_hook,data,C,"runtime: reloc-ref: exact masked-byte match"
0x0009fc08,__file_rec_list,data,C,"runtime: reloc-ref: exact masked-byte match"
0x000a4340,__djgpp_stack_limit,data,C,"runtime: reloc-ref: exact masked-byte match"
0x000a4344,_stklen,data,C,"runtime: reloc-ref: exact masked-byte match"
0x000a4b50,__djgpp_selector_limit,data,C,"runtime: reloc-ref: exact masked-byte match"
0x000a4b54,_stubinfo,data,C,"runtime: reloc-ref: exact masked-byte match"
0x000a4b60,environ,data,C,"runtime: reloc-ref: exact masked-byte match"
0x000a4b64,__crt0_argc,data,C,"runtime: reloc-ref: exact masked-byte match"
0x000a4b68,__crt0_argv,data,C,"runtime: reloc-ref: exact masked-byte match"
0x000a4b6c,__dos_argv0,data,C,"runtime: reloc-ref: exact masked-byte match"
0x000a4ba8,__dpmi_error,data,C,"runtime: reloc-ref: exact masked-byte match"
0x000a4bac,__dpmi_int_sp,data,C,"runtime: reloc-ref: exact masked-byte match"
0x000a4bae,__dpmi_int_ss,data,C,"runtime: reloc-ref: exact masked-byte match"
0x000a4bb0,__dpmi_int_flags,data,C,"runtime: reloc-ref: exact masked-byte match"
0x000a4bb4,errno,data,C,"runtime: reloc-ref: exact masked-byte match"
0x000a4bbc,_djstat_flags,data,C,"runtime: reloc-ref: exact masked-byte match"
0x000a4bc0,_djstat_fail_bits,data,C,"runtime: reloc-ref: exact masked-byte match"
0x000a4bc4,_osmajor,data,C,"runtime: reloc-ref: exact masked-byte match"
0x000a4bc8,_osminor,data,C,"runtime: reloc-ref: exact masked-byte match"
0x000a4bcc,_os_flavor,data,C,"runtime: reloc-ref: exact masked-byte match"
